phone_key,imei,serial_number,model,color,storage_gb,manufacture_date
1,607173559077963,T7QSUFSW3DKC,Redmi 13C,Rose Gold,512,2024-11-18
2,607999416856870,ZWV4CB6V2LUG,Xiaomi 14 Civi,Forest Green,512,2026-01-02
3,006165656946287,CWPT7CJ2SAUD,POCO X6,Silver,64,2026-05-11
4,022670008884680,XG7BNYPUGXLK,POCO F6,Midnight Black,128,2026-08-14
5,330696307413605,DB3FTQGZEWDP,Redmi 13C,Forest Green,256,2026-01-24
6,026347892209458,F9VUBEQAV4NC,Xiaomi 14 Ultra,Graphite,128,2026-01-28
7,020815926304913,MVEU4ENWKHVZ,Xiaomi Pad 6,Graphite,128,2026-03-20
8,922040899962899,NRCBDSJZNP6R,Redmi Note 13 Pro,Graphite,64,2025-03-15
9,169651442394901,RWVCG7ZCPHBK,Xiaomi 14 Ultra,Ocean Blue,64,2025-03-04
10,486063001451310,69XYUEBA7Y8A,Redmi Note 13,Silver,64,2024-11-16
11,980457793261732,L9CTZ6ZY37MX,POCO F6,Midnight Black,512,2026-06-11
12,768809210152381,VNUVCW96ZNZU,POCO M6,Rose Gold,64,2025-06-04
13,696183517866524,SKCA8D2XR6ME,Redmi Note 13 Pro+,Rose Gold,128,2024-12-11
14,459728296920491,7RHNJW32GGH7,Redmi Note 13 Pro,Ocean Blue,512,2026-01-27
15,470762158777587,6BC94DR74NSX,POCO M6,Forest Green,64,2024-11-28
16,042259492916335,5BYUK3AEQA4H,Redmi 13C,Graphite,64,2026-04-07
17,599256341143159,WW38XGRFARYF,POCO X6 Pro,Rose Gold,128,2025-11-24
18,528168518899917,36C7ZEQW7NU6,POCO M6,Forest Green,128,2025-09-12
19,132828097570043,537DHNCK97JY,POCO X6 Pro,Rose Gold,64,2026-08-13
20,049841574623187,LPJ7G5PBTX7R,Xiaomi Pad 6,Rose Gold,512,2025-03-19
21,661131426070747,8CHSKZWS4TKN,Redmi Note 13 Pro+,Forest Green,128,2024-12-13
22,731100095496901,JRPDANTB7T9D,Xiaomi Pad 6,Ocean Blue,64,2026-05-26
23,723051624812284,P87JREP46RLG,Redmi 13C,Forest Green,128,2024-12-05
24,942351648171435,9BEAKZHRRU5V,Xiaomi Pad 6,Rose Gold,512,2026-02-08
25,031205633939879,W4VT5TGGTUE7,POCO X6 Pro,Ocean Blue,256,2024-11-25
26,809504023302890,6G2GD6ECNP8T,Redmi Note 13 Pro+,Silver,64,2026-04-22
27,128925302106948,UM4MYWL943RA,Xiaomi 14 Ultra,Rose Gold,512,2025-02-11
28,196702551987790,FG497DB8Q2LQ,POCO X6 Pro,Silver,128,2025-03-20
29,806554323912800,AY5FQZNGFSA6,POCO F6,Rose Gold,128,2024-11-23
30,676844806130138,93J7Z24N66Y2,POCO F6,Ocean Blue,128,2026-02-25
31,094692828360645,LRAMWVH8XLXU,Redmi Note 13,Silver,512,2025-03-02
32,862033842235762,Y29AVZJNBGND,POCO X6,Forest Green,512,2025-12-16
33,698837805955681,5DQWTX8N8N95,Xiaomi 14 Ultra,Rose Gold,64,2025-02-21
34,576570249911914,RKNKSRJ7XZA2,Redmi 13C,Graphite,128,2025-01-07
35,548689827913020,XBLNUZL3HZJ2,Xiaomi 14,Midnight Black,512,2026-07-14
36,193762818563670,HYBPD5MEMEPV,Xiaomi 14 Ultra,Graphite,512,2024-11-13
37,488579258157571,Z4EKERSKS5JV,Xiaomi Pad 6,Rose Gold,128,2025-01-28
38,849733282921759,2GH976BBJPVD,POCO X6,Midnight Black,64,2025-02-21
39,907687741686719,TWMRGLZ4CD3V,POCO M6,Silver,256,2026-01-23
40,523617748492179,EE4VK24FWUQL,Redmi Note 13,Silver,512,2025-02-19
41,919830224860270,K2CGXCKZYKEM,POCO X6 Pro,Midnight Black,256,2025-09-29
42,951972624624010,U787Q3KLN76H,POCO X6 Pro,Midnight Black,256,2025-08-24
43,908660244148262,U3ZMNEUFCQ53,Xiaomi 14,Midnight Black,128,2026-01-15
44,761635293102515,8W3CT3CCZ6CW,Redmi Note 13,Graphite,512,2026-04-04
45,329437737467991,H2S2NL8XRTZY,POCO F6,Graphite,256,2026-07-13
46,005191858450556,NCQTAMAD77HF,POCO F6,Graphite,128,2024-11-17
47,430677282142913,NSJ6RZKE772A,Redmi 13C,Forest Green,64,2025-04-24
48,265246861935046,MUVRSQ6N77W8,POCO M6,Forest Green,512,2025-02-12
49,540381619586630,8X2C5NGE3932,Xiaomi 14 Civi,Ocean Blue,64,2026-07-01
50,634374729492010,M3YVFFLJ5SW9,Xiaomi 14,Rose Gold,64,2025-11-30
