date_key,date,year,quarter,month,month_name,day,day_of_week,is_weekend
20241113,2024-11-13,2024,4,11,November,13,Wednesday,False
20241116,2024-11-16,2024,4,11,November,16,Saturday,True
20241117,2024-11-17,2024,4,11,November,17,Sunday,True
20241118,2024-11-18,2024,4,11,November,18,Monday,False
20241120,2024-11-20,2024,4,11,November,20,Wednesday,False
20241123,2024-11-23,2024,4,11,November,23,Saturday,True
20241125,2024-11-25,2024,4,11,November,25,Monday,False
20241128,2024-11-28,2024,4,11,November,28,Thursday,False
20241205,2024-12-05,2024,4,12,December,5,Thursday,False
20241211,2024-12-11,2024,4,12,December,11,Wednesday,False
20241213,2024-12-13,2024,4,12,December,13,Friday,False
20250107,2025-01-07,2025,1,1,January,7,Tuesday,False
20250128,2025-01-28,2025,1,1,January,28,Tuesday,False
20250211,2025-02-11,2025,1,2,February,11,Tuesday,False
20250212,2025-02-12,2025,1,2,February,12,Wednesday,False
20250213,2025-02-13,2025,1,2,February,13,Thursday,False
20250218,2025-02-18,2025,1,2,February,18,Tuesday,False
20250219,2025-02-19,2025,1,2,February,19,Wednesday,False
20250221,2025-02-21,2025,1,2,February,21,Friday,False
20250302,2025-03-02,2025,1,3,March,2,Sunday,True
20250304,2025-03-04,2025,1,3,March,4,Tuesday,False
20250315,2025-03-15,2025,1,3,March,15,Saturday,True
20250319,2025-03-19,2025,1,3,March,19,Wednesday,False
20250320,2025-03-20,2025,1,3,March,20,Thursday,False
20250402,2025-04-02,2025,2,4,April,2,Wednesday,False
20250424,2025-04-24,2025,2,4,April,24,Thursday,False
20250518,2025-05-18,2025,2,5,May,18,Sunday,True
20250526,2025-05-26,2025,2,5,May,26,Monday,False
20250604,2025-06-04,2025,2,6,June,4,Wednesday,False
20250613,2025-06-13,2025,2,6,June,13,Friday,False
20250625,2025-06-25,2025,2,6,June,25,Wednesday,False
20250824,2025-08-24,2025,3,8,August,24,Sunday,True
20250912,2025-09-12,2025,3,9,September,12,Friday,False
20250918,2025-09-18,2025,3,9,September,18,Thursday,False
20250929,2025-09-29,2025,3,9,September,29,Monday,False
20251009,2025-10-09,2025,4,10,October,9,Thursday,False
20251029,2025-10-29,2025,4,10,October,29,Wednesday,False
20251124,2025-11-24,2025,4,11,November,24,Monday,False
20251130,2025-11-30,2025,4,11,November,30,Sunday,True
20251214,2025-12-14,2025,4,12,December,14,Sunday,True
20251216,2025-12-16,2025,4,12,December,16,Tuesday,False
20260102,2026-01-02,2026,1,1,January,2,Friday,False
20260111,2026-01-11,2026,1,1,January,11,Sunday,True
20260113,2026-01-13,2026,1,1,January,13,Tuesday,False
20260115,2026-01-15,2026,1,1,January,15,Thursday,False
20260123,2026-01-23,2026,1,1,January,23,Friday,False
20260124,2026-01-24,2026,1,1,January,24,Saturday,True
20260127,2026-01-27,2026,1,1,January,27,Tuesday,False
20260128,2026-01-28,2026,1,1,January,28,Wednesday,False
20260129,2026-01-29,2026,1,1,January,29,Thursday,False
20260206,2026-02-06,2026,1,2,February,6,Friday,False
20260208,2026-02-08,2026,1,2,February,8,Sunday,True
20260218,2026-02-18,2026,1,2,February,18,Wednesday,False
20260224,2026-02-24,2026,1,2,February,24,Tuesday,False
20260225,2026-02-25,2026,1,2,February,25,Wednesday,False
20260310,2026-03-10,2026,1,3,March,10,Tuesday,False
20260316,2026-03-16,2026,1,3,March,16,Monday,False
20260320,2026-03-20,2026,1,3,March,20,Friday,False
20260329,2026-03-29,2026,1,3,March,29,Sunday,True
20260404,2026-04-04,2026,2,4,April,4,Saturday,True
20260407,2026-04-07,2026,2,4,April,7,Tuesday,False
20260422,2026-04-22,2026,2,4,April,22,Wednesday,False
20260424,2026-04-24,2026,2,4,April,24,Friday,False
20260509,2026-05-09,2026,2,5,May,9,Saturday,True
20260511,2026-05-11,2026,2,5,May,11,Monday,False
20260516,2026-05-16,2026,2,5,May,16,Saturday,True
20260523,2026-05-23,2026,2,5,May,23,Saturday,True
20260524,2026-05-24,2026,2,5,May,24,Sunday,True
20260526,2026-05-26,2026,2,5,May,26,Tuesday,False
20260529,2026-05-29,2026,2,5,May,29,Friday,False
20260611,2026-06-11,2026,2,6,June,11,Thursday,False
20260617,2026-06-17,2026,2,6,June,17,Wednesday,False
20260619,2026-06-19,2026,2,6,June,19,Friday,False
20260701,2026-07-01,2026,3,7,July,1,Wednesday,False
20260710,2026-07-10,2026,3,7,July,10,Friday,False
20260713,2026-07-13,2026,3,7,July,13,Monday,False
20260714,2026-07-14,2026,3,7,July,14,Tuesday,False
20260721,2026-07-21,2026,3,7,July,21,Tuesday,False
20260727,2026-07-27,2026,3,7,July,27,Monday,False
20260728,2026-07-28,2026,3,7,July,28,Tuesday,False
20260804,2026-08-04,2026,3,8,August,4,Tuesday,False
20260810,2026-08-10,2026,3,8,August,10,Monday,False
20260813,2026-08-13,2026,3,8,August,13,Thursday,False
20260814,2026-08-14,2026,3,8,August,14,Friday,False
20260821,2026-08-21,2026,3,8,August,21,Friday,False
20260917,2026-09-17,2026,3,9,September,17,Thursday,False
20260928,2026-09-28,2026,3,9,September,28,Monday,False
