activation_key,phone_key,country_key,date_key,activated
1,1,9,20241120,True
2,2,12,20260320,True
3,3,,,False
4,4,2,20260917,True
5,5,4,20260524,True
6,6,8,20260617,True
7,7,,,False
8,8,9,20260516,True
9,9,7,20260529,True
10,10,5,20260509,True
11,11,13,20260721,True
12,12,3,20260316,True
13,13,4,20250218,True
14,14,7,20260224,True
15,15,7,20250402,True
16,16,1,20260713,True
17,17,4,20260424,True
18,18,3,20250918,True
19,19,,,False
20,20,,,False
21,21,12,20250518,True
22,22,3,20260804,True
23,23,13,20260111,True
24,24,1,20260329,True
25,25,8,20251029,True
26,26,2,20260821,True
27,27,2,20260310,True
28,28,1,20250625,True
29,29,6,20250526,True
30,30,3,20260928,True
31,31,8,20250613,True
32,32,1,20260218,True
33,33,9,20260206,True
34,34,,,False
35,35,5,20260810,True
36,36,9,20251214,True
37,37,12,20250213,True
38,38,6,20260113,True
39,39,,,False
40,40,,,False
41,41,6,20251009,True
42,42,1,20260129,True
43,43,1,20260728,True
44,44,2,20260619,True
45,45,,,False
46,46,1,20260523,True
47,47,,,False
48,48,2,20260710,True
49,49,6,20260727,True
50,50,,,False
